mor0,mor1,mor2,mor3,mor4,mor5,class
1.00000000,0.00000000,0.00000000,131.17386140,1.31903101,1568.97843469,c0
1.00000000,0.00000000,0.00000000,127.26286140,1.32963668,1647.72023493,c0
1.00000000,0.00000000,0.00000000,138.44286140,1.37990560,1918.75047185,c0
1.00000000,0.00000000,0.00000000,139.54286140,1.37466149,1871.05593439,c0
1.00000000,0.00000000,0.00000000,128.68486140,1.31939425,1624.01155591,c0
1.00000000,0.00000000,0.00000000,141.07286140,1.33621620,2180.62914883,c0
1.00000000,0.00000000,0.00000000,131.86886140,1.29906355,1677.24740162,c0
1.00000000,0.00000000,0.00000000,127.12986140,1.27032101,1739.28312447,c0
1.00000000,0.00000000,0.00000000,127.75886140,1.36218810,1549.72096683,c0
1.00000000,0.00000000,0.00000000,127.92386140,1.32746906,1560.58174693,c0
1.00000000,0.00000000,0.00000000,132.42286140,1.23697413,1655.20500139,c0
1.00000000,0.00000000,0.00000000,136.11086140,1.27212170,1819.02008544,c0
1.00000000,0.00000000,0.00000000,134.25886140,1.27744906,1655.18687555,c0
1.00000000,0.00000000,0.00000000,131.70286140,1.33715462,1855.10493034,c0
1.00000000,0.00000000,0.00000000,130.32286140,1.25801767,1679.91193027,c0
1.00000000,0.00000000,0.00000000,129.81786140,1.29636731,1791.83553416,c0
1.00000000,0.00000000,0.00000000,123.34286140,1.34322210,1700.90002589,c0
1.00000000,0.00000000,0.00000000,129.16486140,1.23461166,1630.91695037,c0
1.00000000,0.00000000,0.00000000,130.15686140,1.28770643,1668.60099491,c0
1.00000000,0.00000000,0.00000000,130.69486140,1.34355699,1685.05622222,c0
1.00000000,0.00000000,0.00000000,127.94886140,1.31795585,1595.63213875,c0
1.00000000,0.00000000,0.00000000,128.91686140,1.21901707,1648.69601482,c0
1.00000000,0.00000000,0.00000000,134.82086140,1.27699841,1897.19666116,c0
1.00000000,0.00000000,0.00000000,125.13686140,1.29854830,1622.16847509,c0
1.00000000,0.00000000,0.00000000,124.38486140,1.36477753,1788.18041959,c0
1.00000000,0.00000000,0.00000000,124.13686140,1.26361630,1560.03417439,c0
1.00000000,0.00000000,0.00000000,127.76686140,1.23262291,1604.78016155,c0
1.00000000,0.00000000,0.00000000,128.85886140,1.27018625,1632.64154520,c0
1.00000000,0.00000000,0.00000000,133.30686140,1.30765993,1829.52974130,c0
1.00000000,0.00000000,0.00000000,127.94886140,1.32414970,1652.67322377,c0
1.00000000,0.00000000,0.00000000,127.65086140,1.26996220,1653.76856845,c0
1.00000000,0.00000000,0.00000000,130.15686140,1.42810916,1849.04745260,c0
1.00000000,0.00000000,0.00000000,133.01886140,1.29469852,1813.31245177,c0
1.00000000,0.00000000,0.00000000,125.31086140,1.28310706,1573.40462640,c0
1.00000000,0.00000000,0.00000000,130.95886140,1.34896079,1755.42212782,c0
1.00000000,0.00000000,0.00000000,124.99686140,1.21806978,1692.16793702,c0
1.00000000,0.00000000,0.00000000,134.01886140,1.34507793,1871.81312587,c0
1.00000000,0.00000000,0.00000000,128.66786140,1.27219284,1640.83042619,c0
1.00000000,0.00000000,0.00000000,132.67886140,1.32660085,1617.68322076,c0
1.00000000,0.00000000,0.00000000,130.23086140,1.31710131,1669.67378929,c0
1.00000000,0.00000000,0.00000000,124.42586140,1.27657056,1701.55858520,c0
1.00000000,0.00000000,0.00000000,131.80286140,1.30882969,1766.95970468,c0
1.00000000,0.00000000,0.00000000,130.57886140,1.21708303,1620.64338372,c0
1.00000000,0.00000000,0.00000000,125.60086140,1.16434637,1497.75330166,c0
1.00000000,0.00000000,0.00000000,134.93686140,1.26462445,1611.20856513,c0
1.00000000,0.00000000,0.00000000,126.95686140,1.27581627,1608.74060948,c0
1.00000000,0.00000000,0.00000000,136.39286140,1.38656855,1885.09958490,c0
1.00000000,0.00000000,0.00000000,125.18686140,1.19658827,1607.21226749,c0
1.00000000,0.00000000,0.00000000,125.07086140,1.27395336,1558.65307416,c0
1.00000000,0.00000000,0.00000000,134.01086140,1.27004236,1758.96875150,c0
1.00000000,0.00000000,0.00000000,131.55486140,1.29439272,1768.84941731,c0
1.00000000,0.00000000,0.00000000,133.46486140,1.29672601,1568.88156182,c0
1.00000000,0.00000000,0.00000000,123.23686140,1.36567763,2097.18858445,c0
1.00000000,0.00000000,0.00000000,127.07286140,1.18246997,1636.62870465,c0
1.00000000,0.00000000,0.00000000,131.93486140,1.25178142,1555.87773847,c0
1.00000000,0.00000000,0.00000000,129.16486140,1.26397632,1537.42377086,c0
1.00000000,0.00000000,0.00000000,132.40686140,1.29027876,1694.65938515,c0
1.00000000,0.00000000,0.00000000,125.44286140,1.29821497,1591.47252937,c0
1.00000000,0.00000000,0.00000000,129.09886140,1.27645432,1664.23939077,c0
1.00000000,0.00000000,0.00000000,131.48786140,1.36723077,1914.10705382,c0
1.00000000,0.00000000,0.00000000,132.59686140,1.31671428,1694.23106131,c0
1.00000000,0.00000000,0.00000000,132.61286140,1.27416914,1740.20785429,c0
1.00000000,0.00000000,0.00000000,134.82086140,1.36792542,1872.54454929,c0
1.00000000,0.00000000,0.00000000,127.81686140,1.46108193,1782.53740446,c0
1.00000000,0.00000000,0.00000000,121.57286140,1.24812543,1530.15115571,c0
1.00000000,0.00000000,0.00000000,131.25686140,1.26114043,1719.12560259,c0
1.00000000,0.00000000,0.00000000,122.30086140,1.25893879,1669.41773487,c0
1.00000000,0.00000000,0.00000000,131.53686140,1.35581875,1831.15225005,c0
1.00000000,0.00000000,0.00000000,129.40386140,1.31042281,1731.03157899,c0
1.00000000,0.00000000,0.00000000,135.43286140,1.26648026,1795.47144615,c0
1.00000000,0.00000000,0.00000000,128.27086140,1.23604041,1795.01357080,c0
1.00000000,0.00000000,0.00000000,133.58886140,1.38344967,1666.20549321,c0
1.00000000,0.00000000,0.00000000,139.97286140,1.31327203,1997.27362228,c0
1.00000000,0.00000000,0.00000000,131.25686140,1.23698114,1638.09003059,c0
1.00000000,0.00000000,0.00000000,134.26686140,1.27103474,1794.42567007,c0
1.00000000,0.00000000,0.00000000,130.95886140,1.27922499,1750.99078626,c0
1.00000000,0.00000000,0.00000000,136.97886140,1.30855017,1963.71145831,c0
1.00000000,0.00000000,0.00000000,130.08986140,1.33291948,1734.78387127,c0
1.00000000,0.00000000,0.00000000,126.39486140,1.26536039,1803.28720088,c0
1.00000000,0.00000000,0.00000000,127.43686140,1.19367608,1628.76427815,c0
1.00000000,0.00000000,0.00000000,128.80086140,1.28299999,1566.94716914,c0
0.00000000,2.00000000,0.00000000,218.30086140,2.22940129,9370.67073550,c0
1.00000000,0.00000000,0.00000000,126.99886140,1.19220522,1629.07063529,c0
1.00000000,0.00000000,0.00000000,129.89186140,1.28666824,1782.85422809,c0
1.00000000,0.00000000,0.00000000,135.73886140,1.27993452,1949.63177272,c0
1.00000000,0.00000000,0.00000000,121.65686140,1.31800431,1720.43399409,c0
1.00000000,0.00000000,0.00000000,129.04886140,1.33914322,1605.03520800,c0
1.00000000,0.00000000,0.00000000,137.82286140,1.29310001,1945.00374894,c0
1.00000000,0.00000000,0.00000000,127.87386140,1.23006376,1640.15550661,c0
1.00000000,0.00000000,0.00000000,122.90486140,1.20199446,1439.53493978,c0
1.00000000,0.00000000,0.00000000,126.78286140,1.25742287,1604.49994477,c0
1.00000000,0.00000000,0.00000000,125.17086140,1.18094467,1541.39783124,c0
1.00000000,0.00000000,0.00000000,135.17686140,1.28618366,1671.00103309,c0
1.00000000,0.00000000,0.00000000,128.79986140,1.21382606,1650.61383096,c0
1.00000000,0.00000000,0.00000000,127.13886140,1.19219994,1613.15094017,c0
1.00000000,0.00000000,0.00000000,134.25886140,1.30521478,1675.54924506,c0
1.00000000,0.00000000,0.00000000,133.07686140,1.26333133,1767.44918954,c0
1.00000000,0.00000000,0.00000000,132.12486140,1.39193846,1653.62840977,c0
1.00000000,0.00000000,0.00000000,131.56286140,1.26334795,1544.09252216,c0
0.00000000,2.00000000,0.00000000,136.19486140,1.45213425,3334.11037445,c0
0.00000000,2.00000000,0.00000000,130.08486140,1.57623942,3396.47398541,c1
0.00000000,3.00000000,1.00000000,141.47086140,1.51598690,5416.70751147,c1
0.00000000,2.00000000,0.00000000,153.22286140,1.60306610,5853.12799624,c1
0.00000000,3.00000000,1.00000000,146.38286140,1.38184576,2991.35625462,c1
0.00000000,3.00000000,1.00000000,141.22286140,1.40411324,4416.10374745,c1
0.00000000,3.00000000,1.00000000,145.46486140,1.36631204,3670.64713079,c1
0.00000000,2.00000000,0.00000000,138.53486140,1.29265028,3228.25438036,c1
0.00000000,2.00000000,0.00000000,128.02486140,1.43318588,3643.66258709,c1
0.00000000,2.00000000,0.00000000,130.57086140,1.24805079,2838.26878575,c1
0.00000000,2.00000000,0.00000000,136.10286140,1.33914133,3045.17481556,c1
0.00000000,2.00000000,0.00000000,137.17086140,1.28132563,2916.29240612,c1
0.00000000,2.00000000,0.00000000,140.17286140,1.40952129,3187.61196296,c1
0.00000000,2.00000000,0.00000000,139.20486140,1.43009141,3566.38149037,c1
0.00000000,3.00000000,1.00000000,141.94286140,1.42822737,4125.99530329,c1
0.00000000,2.00000000,0.00000000,137.61686140,1.33945175,2890.29047117,c1
0.00000000,2.00000000,0.00000000,132.09286140,1.28263531,2831.14756982,c1
0.00000000,2.00000000,0.00000000,126.74086140,1.23728140,2610.74488310,c1
0.00000000,4.00000000,2.00000000,136.18586140,1.47432151,3943.68101262,c1
0.00000000,2.00000000,0.00000000,142.38886140,1.40355403,3740.20031440,c1
0.00000000,3.00000000,1.00000000,140.31286140,1.48861655,5247.76141440,c1
0.00000000,3.00000000,1.00000000,142.68686140,1.51702495,4909.85684768,c1
0.00000000,2.00000000,0.00000000,136.08686140,1.34061582,3582.05845813,c1
0.00000000,3.00000000,1.00000000,135.16086140,1.29564813,2982.12800790,c1
0.00000000,2.00000000,0.00000000,130.85986140,1.24369409,2297.98398553,c1
0.00000000,2.00000000,0.00000000,132.72086140,1.28569020,2755.06283926,c1
0.00000000,2.00000000,0.00000000,138.90686140,1.40756324,3432.48067063,c1
0.00000000,2.00000000,0.00000000,133.99486140,1.30187541,2844.44432160,c1
0.00000000,3.00000000,1.00000000,139.58486140,1.31473180,4147.56779881,c1
0.00000000,3.00000000,1.00000000,128.77686140,1.33813263,3486.89296240,c1
0.00000000,2.00000000,0.00000000,145.44886140,1.35346690,3350.71320324,c1
0.00000000,2.00000000,0.00000000,136.49986140,1.29144644,2286.76942084,c1
0.00000000,3.00000000,1.00000000,138.03786140,1.28660594,3489.97311800,c1
0.00000000,2.00000000,0.00000000,138.03086140,1.32854015,2935.39833397,c1
0.00000000,3.00000000,1.00000000,150.35486140,1.76573138,6730.24760501,c1
0.00000000,3.00000000,1.00000000,136.58386140,1.35129193,3403.98358806,c1
0.00000000,2.00000000,0.00000000,145.05886140,1.28950965,3239.71503843,c1
0.00000000,3.00000000,1.00000000,135.48286140,1.31167301,3767.82303955,c1
0.00000000,3.00000000,1.00000000,136.31886140,1.43213311,3775.71455581,c1
0.00000000,3.00000000,1.00000000,131.17486140,1.30421065,3276.90180443,c1
0.00000000,2.00000000,0.00000000,135.47486140,1.30016033,3061.81666364,c1
0.00000000,3.00000000,1.00000000,142.49686140,1.60662012,5119.36136764,c1
0.00000000,3.00000000,1.00000000,140.08186140,1.48406818,4474.20867859,c1
0.00000000,3.00000000,1.00000000,130.81886140,1.31881705,3223.86944887,c1
0.00000000,3.00000000,1.00000000,139.58486140,1.29819363,3055.20861638,c1
0.00000000,2.00000000,0.00000000,140.18886140,1.36367406,2842.99247777,c1
0.00000000,2.00000000,0.00000000,139.69286140,1.52127603,4354.33382617,c1
0.00000000,2.00000000,0.00000000,137.54286140,1.27781406,2668.63760983,c1
0.00000000,3.00000000,1.00000000,137.59986140,1.36894197,4152.13061797,c1
0.00000000,2.00000000,0.00000000,139.41986140,1.36105751,2385.08314296,c1
0.00000000,3.00000000,1.00000000,140.56886140,1.33748758,3745.48718433,c1
0.00000000,3.00000000,1.00000000,146.58986140,1.41174207,4624.49114961,c1
0.00000000,3.00000000,1.00000000,157.31686140,1.75147050,6954.97464162,c1
0.00000000,3.00000000,1.00000000,135.13686140,1.42565971,4134.95839619,c1
0.00000000,2.00000000,0.00000000,139.94886140,1.35331737,3198.09789126,c1
0.00000000,3.00000000,1.00000000,133.72086140,1.33200866,3389.70722989,c1
0.00000000,2.00000000,0.00000000,129.02486140,1.41036446,3052.15464630,c1
0.00000000,3.00000000,1.00000000,135.66486140,1.30349332,3242.31527981,c1
0.00000000,3.00000000,1.00000000,142.52886140,1.40837750,4734.15816748,c1
0.00000000,3.00000000,1.00000000,135.29286140,1.34935107,3449.62692305,c1
0.00000000,2.00000000,0.00000000,132.77086140,1.28617456,2900.26113608,c1
0.00000000,3.00000000,1.00000000,144.39886140,1.52550653,5269.59516656,c1
0.00000000,3.00000000,1.00000000,135.68986140,1.33264812,3541.00237404,c1
0.00000000,2.00000000,0.00000000,134.59786140,1.32594742,3491.20169490,c1
0.00000000,2.00000000,0.00000000,141.71086140,1.45487181,4056.32894293,c1
0.00000000,2.00000000,0.00000000,136.15286140,1.49051998,4092.14057881,c1
0.00000000,2.00000000,0.00000000,138.64286140,1.40761514,3198.81515082,c1
0.00000000,2.00000000,0.00000000,128.12286140,1.38499480,3126.28152991,c1
0.00000000,3.00000000,1.00000000,142.68686140,1.35996271,3636.16944442,c1
0.00000000,2.00000000,0.00000000,134.42486140,1.37461898,3432.42203503,c1
0.00000000,2.00000000,0.00000000,132.29086140,1.30721225,3196.29581120,c1
0.00000000,2.00000000,0.00000000,140.13086140,1.35032544,3655.55517679,c1
0.00000000,2.00000000,0.00000000,128.81886140,1.47861823,3001.15167846,c1
0.00000000,3.00000000,1.00000000,131.74486140,1.31232550,3355.98476171,c1
0.00000000,2.00000000,0.00000000,146.69686140,1.41607728,4380.49168804,c1
0.00000000,2.00000000,0.00000000,134.35086140,1.28270977,3345.68538308,c1
0.00000000,2.00000000,0.00000000,136.09486140,1.28833947,3050.00353178,c1
0.00000000,3.00000000,1.00000000,141.87686140,1.49155885,4718.59199932,c1
0.00000000,2.00000000,0.00000000,137.06286140,1.33724728,3381.27861310,c1
0.00000000,2.00000000,0.00000000,127.55286140,1.28180560,2914.53519220,c1
0.00000000,2.00000000,0.00000000,129.05886140,1.39103357,2890.50910769,c1
0.00000000,3.00000000,1.00000000,143.03486140,1.35175541,4163.44277277,c1
0.00000000,2.00000000,0.00000000,144.44886140,1.35377064,3793.76825580,c1
0.00000000,2.00000000,0.00000000,133.38186140,1.29057242,2397.64851349,c1
0.00000000,3.00000000,1.00000000,152.24686140,1.53680194,5779.45677507,c1
0.00000000,2.00000000,0.00000000,160.79086140,1.72801226,6309.70808601,c1
0.00000000,2.00000000,0.00000000,133.75486140,1.28813387,2821.70885160,c1
0.00000000,2.00000000,0.00000000,139.05686140,1.36159656,3739.70629159,c1
0.00000000,3.00000000,1.00000000,136.57486140,1.35959032,3654.52119005,c1
0.00000000,2.00000000,0.00000000,135.97886140,1.21789720,2378.94171041,c1
0.00000000,2.00000000,0.00000000,132.86986140,1.27221844,3383.75103869,c1
0.00000000,2.00000000,0.00000000,136.82286140,1.27389137,2779.17503715,c1
0.00000000,3.00000000,1.00000000,142.27286140,1.38394597,4014.58412482,c1
0.00000000,3.00000000,1.00000000,142.08286140,1.31784974,3822.73054212,c1
0.00000000,3.00000000,1.00000000,136.66586140,1.33497178,3090.64487824,c1
0.00000000,2.00000000,0.00000000,152.47086140,1.53124055,4676.59235518,c1
0.00000000,2.00000000,0.00000000,133.86286140,1.28543397,2644.12550091,c1
0.00000000,2.00000000,0.00000000,134.83786140,1.26091621,2511.18554847,c1
0.00000000,3.00000000,1.00000000,135.50786140,1.44172323,4255.36281077,c1
0.00000000,2.00000000,0.00000000,137.60086140,1.49737847,3810.38325258,c1
0.00000000,2.00000000,0.00000000,180.08486140,2.06535441,10383.51603486,c1
0.00000000,2.00000000,0.00000000,197.73486140,2.16143011,11864.41965647,c2
0.00000000,2.00000000,0.00000000,186.13086140,1.93937355,10791.49646182,c2
0.00000000,2.00000000,0.00000000,194.02086140,2.05551371,10945.46451175,c2
0.00000000,2.00000000,0.00000000,165.54686140,1.69733700,6474.97791550,c2
0.00000000,2.00000000,0.00000000,189.91086140,1.96144194,10494.54043008,c2
0.00000000,2.00000000,0.00000000,161.76686140,1.72849544,7201.99575131,c2
0.00000000,2.00000000,0.00000000,187.11486140,1.92869006,9843.09684511,c2
0.00000000,3.00000000,1.00000000,192.64686140,2.01692011,11262.43236502,c2
0.00000000,2.00000000,0.00000000,188.31286140,2.10642739,11225.11135502,c2
0.00000000,2.00000000,0.00000000,194.70686140,2.02596834,11045.37938947,c2
0.00000000,3.00000000,1.00000000,206.19486140,2.06555285,12718.16451996,c2
0.00000000,2.00000000,0.00000000,197.26286140,2.08986041,9520.67375104,c2
0.00000000,3.00000000,1.00000000,184.49286140,2.02429548,9561.24641563,c2
0.00000000,2.00000000,0.00000000,197.87486140,2.05335232,10906.43063975,c2
0.00000000,2.00000000,0.00000000,193.26086140,2.02614114,11076.60102182,c2
0.00000000,2.00000000,0.00000000,194.86486140,1.99925276,10878.26490041,c2
0.00000000,2.00000000,0.00000000,207.82286140,2.17281474,12274.34405651,c2
0.00000000,2.00000000,0.00000000,191.15086140,1.97823062,11158.09498925,c2
0.00000000,2.00000000,0.00000000,196.55086140,1.95421382,11507.50873039,c2
0.00000000,2.00000000,0.00000000,174.97486140,2.06382425,10287.06586051,c2
0.00000000,2.00000000,0.00000000,190.56486140,2.12328786,11295.04035158,c2
0.00000000,3.00000000,1.00000000,152.49486140,1.71387839,5908.13609404,c2
0.00000000,2.00000000,0.00000000,169.38286140,1.92519257,8596.95747912,c2
0.00000000,2.00000000,0.00000000,180.32486140,1.89840318,9638.13522584,c2
0.00000000,2.00000000,0.00000000,189.37286140,1.88636455,10142.29188734,c2
0.00000000,2.00000000,0.00000000,195.23686140,2.12774454,11077.54568720,c2
0.00000000,2.00000000,0.00000000,171.40086140,2.00422547,8726.45401501,c2
0.00000000,2.00000000,0.00000000,181.64886140,2.10782236,9578.79959016,c2
0.00000000,2.00000000,0.00000000,204.51586140,2.11370282,11909.11368680,c2
0.00000000,2.00000000,0.00000000,195.02086140,2.04177475,10576.93308761,c2
0.00000000,3.00000000,0.00000000,185.28686140,1.94657912,9900.67546590,c2
0.00000000,2.00000000,0.00000000,175.69286140,1.96526277,9308.35526687,c2
0.00000000,2.00000000,0.00000000,187.90086140,2.16035734,10395.69476057,c2
0.00000000,2.00000000,0.00000000,178.33086140,1.89464137,9203.61953611,c2
0.00000000,2.00000000,0.00000000,194.69086140,2.00544152,10439.85147866,c2
0.00000000,2.00000000,0.00000000,200.76886140,2.06667152,11587.08579380,c2
0.00000000,2.00000000,0.00000000,206.31886140,2.22538906,12793.89709458,c2
0.00000000,2.00000000,0.00000000,204.47486140,2.20228202,13686.01870696,c2
0.00000000,2.00000000,0.00000000,198.71686140,2.27341121,11386.31053212,c2
0.00000000,2.00000000,0.00000000,198.18886140,1.99799055,11721.20016651,c2
0.00000000,2.00000000,0.00000000,192.11086140,2.18885378,11248.93600686,c2
0.00000000,3.00000000,1.00000000,187.25486140,1.92244841,9495.98135796,c2
0.00000000,2.00000000,0.00000000,185.45186140,1.99594190,10102.21885817,c2
0.00000000,2.00000000,0.00000000,206.40086140,2.04960327,12174.21356194,c2
0.00000000,2.00000000,0.00000000,194.15286140,1.96232138,11270.59677389,c2
0.00000000,2.00000000,0.00000000,177.84486140,1.83805394,8575.66149801,c2
0.00000000,2.00000000,0.00000000,201.33086140,2.28460531,11864.60492744,c2
0.00000000,2.00000000,0.00000000,177.17486140,2.04042927,9774.50421110,c2
0.00000000,2.00000000,0.00000000,172.07286140,2.06230344,9499.49056332,c2
0.00000000,2.00000000,0.00000000,190.25686140,1.91802611,10275.86294353,c2
0.00000000,2.00000000,0.00000000,178.21486140,1.86582400,9884.03325496,c2
0.00000000,2.00000000,0.00000000,188.92686140,1.99872929,10406.00213057,c2
0.00000000,2.00000000,0.00000000,184.32086140,2.06665367,10969.36183574,c2
0.00000000,2.00000000,0.00000000,171.76486140,1.80702827,7563.38315232,c2
0.00000000,2.00000000,0.00000000,205.91286140,2.03845218,12582.80780370,c2
0.00000000,2.00000000,0.00000000,175.80086140,1.90038901,8519.37828777,c2
0.00000000,2.00000000,0.00000000,190.15086140,1.88590193,11846.52111624,c2
0.00000000,2.00000000,0.00000000,162.86586140,1.69928585,7045.79082495,c2
0.00000000,2.00000000,0.00000000,156.09286140,1.60893019,5997.79466316,c2
0.00000000,2.00000000,0.00000000,176.77686140,1.87813120,8604.72617511,c2
1.00000000,1.00000000,1.00000000,159.72286140,1.65744807,5540.35815029,c2
0.00000000,2.00000000,0.00000000,192.49886140,1.99084187,10969.88458587,c2
0.00000000,2.00000000,0.00000000,197.86686140,2.16449861,11817.64014567,c2
0.00000000,2.00000000,0.00000000,190.19086140,2.07275185,11045.90834198,c2
0.00000000,2.00000000,0.00000000,200.19886140,2.31719962,11504.64746146,c2
0.00000000,2.00000000,0.00000000,162.38686140,1.79125362,7395.95616322,c2
0.00000000,2.00000000,0.00000000,200.85086140,2.00948701,11787.39727284,c2
0.00000000,2.00000000,0.00000000,180.26686140,2.04392822,10484.02125131,c2
0.00000000,2.00000000,0.00000000,163.70986140,1.64619979,6395.84790394,c2
0.00000000,2.00000000,0.00000000,199.55286140,2.04870559,11627.20122893,c2
0.00000000,2.00000000,0.00000000,189.81886140,2.01956004,9573.06918930,c2
0.00000000,2.00000000,0.00000000,208.71686140,2.10412590,12055.42032162,c2
0.00000000,2.00000000,0.00000000,172.19486140,1.93222064,8935.58405193,c2
0.00000000,2.00000000,0.00000000,200.57086140,2.10277897,11487.18257624,c2
0.00000000,3.00000000,1.00000000,203.77086140,2.02599892,12442.14279040,c2
0.00000000,2.00000000,0.00000000,203.80486140,2.04032502,12260.31386296,c2
0.00000000,2.00000000,0.00000000,194.01286140,1.89970665,10621.09754191,c2
0.00000000,2.00000000,0.00000000,182.72286140,1.91302059,9699.20634888,c2
0.00000000,2.00000000,0.00000000,221.21286140,2.21879511,14512.73868474,c2
0.00000000,2.00000000,0.00000000,200.66886140,2.12295239,11510.31494346,c2
0.00000000,2.00000000,0.00000000,185.52686140,2.04964226,10041.99666374,c2
0.00000000,2.00000000,0.00000000,192.68086140,1.98473723,11143.19625946,c2
0.00000000,2.00000000,0.00000000,183.23686140,1.82866656,9885.66800306,c2
0.00000000,2.00000000,0.00000000,203.85486140,2.17821002,12826.22557231,c2
0.00000000,3.00000000,1.00000000,204.69686140,2.01282647,11580.75050540,c2
0.00000000,2.00000000,0.00000000,190.29886140,1.98551224,11316.46608379,c2
0.00000000,2.00000000,0.00000000,204.69886140,2.07961675,12819.32766214,c2
0.00000000,2.00000000,0.00000000,191.96886140,2.09056944,11575.88016100,c2
0.00000000,2.00000000,0.00000000,188.29686140,1.82514110,8658.34938783,c2
0.00000000,2.00000000,0.00000000,199.71086140,1.92782593,11420.75538351,c2
0.00000000,2.00000000,0.00000000,198.62686140,2.10431102,11288.75065106,c2
0.00000000,3.00000000,1.00000000,189.37286140,2.15941990,10842.55385503,c2
0.00000000,3.00000000,1.00000000,178.24886140,1.71364263,8632.91992634,c2
0.00000000,2.00000000,0.00000000,191.25086140,2.09844571,10695.61929880,c2
0.00000000,2.00000000,0.00000000,162.17986140,1.83885154,8592.08414686,c2
0.00000000,2.00000000,0.00000000,191.52286140,1.93822941,10846.81085732,c2
0.00000000,2.00000000,0.00000000,206.83886140,2.02407544,12424.14439066,c2
0.00000000,3.00000000,1.00000000,184.69886140,1.94989031,9398.35807365,c2
0.00000000,2.00000000,0.00000000,193.06886140,1.97690780,10611.24254896,c2
0.00000000,3.00000000,1.00000000,170.02886140,1.74675519,8077.61081330,c2
0.00000000,2.00000000,0.00000000,137.74286140,1.52525276,3801.70695583,c3
0.00000000,3.00000000,1.00000000,170.66486140,1.76860186,7245.33719219,c3
0.00000000,4.00000000,2.00000000,188.71886140,1.97443650,10852.68011351,c3
0.00000000,4.00000000,2.00000000,183.29486140,2.00509307,10691.51628673,c3
0.00000000,4.00000000,2.00000000,163.97486140,1.74459522,7053.13552514,c3
0.00000000,3.00000000,1.00000000,193.01086140,1.91072771,11054.80295487,c3
0.00000000,3.00000000,1.00000000,165.08286140,1.64338487,8263.71586073,c3
0.00000000,2.00000000,0.00000000,181.97086140,1.98613465,8527.39838449,c3
0.00000000,3.00000000,1.00000000,187.36286140,2.07630464,11248.09034878,c3
0.00000000,3.00000000,1.00000000,184.23686140,1.85261096,9926.68498876,c3
0.00000000,3.00000000,1.00000000,178.22486140,1.94089523,9466.05654668,c3
0.00000000,4.00000000,2.00000000,202.67086140,2.00512342,11249.85636477,c3
0.00000000,3.00000000,1.00000000,165.49686140,1.88716172,8692.21883039,c3
0.00000000,3.00000000,1.00000000,192.84586140,2.04018989,11367.29873417,c3
0.00000000,3.00000000,1.00000000,174.86686140,1.87656477,8755.62620081,c3
0.00000000,2.00000000,0.00000000,192.63086140,1.87939383,11076.02649650,c3
0.00000000,3.00000000,1.00000000,192.20886140,1.94018417,11319.72949579,c3
0.00000000,3.00000000,1.00000000,175.70186140,1.87470459,7955.09645503,c3
0.00000000,4.00000000,2.00000000,179.70486140,1.86986918,9534.49310992,c3
0.00000000,3.00000000,1.00000000,158.07886140,1.75314052,6033.59527920,c3
0.00000000,4.00000000,2.00000000,152.76086140,1.72510237,6333.39522651,c3
0.00000000,3.00000000,1.00000000,183.15286140,1.99307728,9901.10829177,c3
0.00000000,4.00000000,2.00000000,183.31086140,1.93253227,9301.73527373,c3
0.00000000,3.00000000,1.00000000,156.01986140,1.94130332,8434.74103208,c3
0.00000000,3.00000000,1.00000000,203.46486140,2.24609383,12199.94087135,c3
0.00000000,3.00000000,1.00000000,210.37086140,2.23188054,15242.06518384,c3
0.00000000,3.00000000,1.00000000,179.02686140,1.84902955,8527.50697573,c3
0.00000000,3.00000000,1.00000000,153.42286140,1.63001120,5676.85666709,c3
0.00000000,3.00000000,1.00000000,178.71286140,1.80510960,9524.78281074,c3
0.00000000,3.00000000,1.00000000,207.67486140,2.30139674,14634.75337433,c3
0.00000000,3.00000000,1.00000000,209.57686140,2.13611198,15203.10524535,c3
0.00000000,3.00000000,1.00000000,188.25686140,2.05014521,10306.11730907,c3
0.00000000,3.00000000,1.00000000,164.91886140,1.72662127,8540.31583885,c3
0.00000000,4.00000000,2.00000000,182.50886140,1.96569877,9698.37611408,c3
0.00000000,4.00000000,2.00000000,184.62486140,1.75169753,9678.07913142,c3
0.00000000,3.00000000,1.00000000,176.29886140,1.84703690,9528.44766345,c3
0.00000000,3.00000000,1.00000000,172.93286140,2.00329658,10281.39819964,c3
0.00000000,4.00000000,2.00000000,191.39886140,2.07971809,11453.37389317,c3
0.00000000,3.00000000,1.00000000,175.36286140,1.82967521,9222.73646886,c3
0.00000000,4.00000000,2.00000000,193.84686140,1.97449555,10159.92381786,c3
0.00000000,3.00000000,1.00000000,200.41286140,2.24708138,13358.62187728,c3
0.00000000,3.00000000,1.00000000,206.64086140,2.15601900,12907.01105402,c3
0.00000000,3.00000000,1.00000000,193.59086140,1.92001959,11953.47810793,c3
0.00000000,2.00000000,0.00000000,170.61486140,1.95836418,8276.33940945,c3
0.00000000,3.00000000,1.00000000,195.39286140,2.03034583,11234.78105944,c3
0.00000000,3.00000000,1.00000000,174.30486140,1.71710812,9232.87364222,c3
0.00000000,3.00000000,1.00000000,171.26886140,1.82479663,7661.91110379,c3
0.00000000,3.00000000,1.00000000,190.31486140,2.02339858,10211.82435260,c3
0.00000000,2.00000000,0.00000000,182.15286140,1.94912038,10137.65591027,c3
0.00000000,3.00000000,1.00000000,183.88086140,1.94946287,10131.45146871,c3
0.00000000,3.00000000,1.00000000,146.88886140,1.81362996,6882.78634910,c3
0.00000000,2.00000000,0.00000000,189.45486140,1.97266251,10830.31207980,c3
0.00000000,3.00000000,1.00000000,174.79286140,2.00300691,10477.24133759,c3
0.00000000,2.00000000,0.00000000,179.51486140,1.92644428,9187.86671976,c3
0.00000000,3.00000000,1.00000000,188.16486140,2.05067195,10296.85211481,c3
0.00000000,2.00000000,0.00000000,151.38686140,1.63169119,5850.60558915,c3
0.00000000,3.00000000,1.00000000,179.20086140,1.90659082,8873.64522373,c3
0.00000000,3.00000000,1.00000000,188.83486140,1.94641899,10856.93209874,c3
0.00000000,2.00000000,0.00000000,169.58986140,1.77308381,7537.66165576,c3
0.00000000,3.00000000,1.00000000,174.30486140,1.92419011,9046.52124105,c3
0.00000000,3.00000000,1.00000000,190.20886140,1.99139542,11393.36727149,c3
0.00000000,3.00000000,1.00000000,184.81486140,1.94567248,10767.47203211,c3
0.00000000,3.00000000,1.00000000,198.99886140,2.14800510,12700.22835718,c3
0.00000000,3.00000000,1.00000000,175.30486140,1.88126512,7975.41742074,c3
0.00000000,3.00000000,1.00000000,185.87486140,1.89452936,10458.02847284,c3
0.00000000,3.00000000,1.00000000,159.79886140,1.78607229,7304.18294096,c3
0.00000000,3.00000000,1.00000000,202.39786140,2.19923196,14817.29038648,c3
0.00000000,3.00000000,1.00000000,184.01286140,1.99798103,10937.02787511,c3
0.00000000,3.00000000,1.00000000,166.70486140,1.83050688,8052.60160884,c3
0.00000000,3.00000000,1.00000000,187.04886140,2.02197872,11459.15405952,c3
0.00000000,3.00000000,1.00000000,172.47686140,1.93385565,10063.71272760,c3
0.00000000,3.00000000,1.00000000,206.71486140,2.06555902,12370.02333145,c3
0.00000000,3.00000000,1.00000000,160.76686140,1.79830372,8207.87130629,c3
0.00000000,2.00000000,0.00000000,180.04286140,1.97846452,8943.06283038,c3
0.00000000,3.00000000,1.00000000,185.65086140,1.99373527,10466.95006045,c3
0.00000000,3.00000000,1.00000000,167.88686140,1.83516308,8525.26540605,c3
0.00000000,3.00000000,1.00000000,198.52686140,1.94507826,11782.60371061,c3
0.00000000,3.00000000,1.00000000,180.15886140,1.94322302,9071.04005380,c3
0.00000000,3.00000000,1.00000000,202.30686140,2.10935725,13632.60453718,c3
0.00000000,4.00000000,2.00000000,169.59886140,1.72750900,8910.36955052,c3
0.00000000,4.00000000,2.00000000,175.97486140,1.89119403,9061.17502745,c3
0.00000000,4.00000000,2.00000000,180.92886140,1.74244579,10463.68110671,c3
0.00000000,4.00000000,2.00000000,185.99086140,1.96766823,9959.27839390,c3
0.00000000,3.00000000,1.00000000,178.52286140,1.95583468,8373.78302260,c3
0.00000000,2.00000000,0.00000000,176.04086140,1.77019531,7356.22593265,c3
0.00000000,2.00000000,0.00000000,161.71686140,1.59504786,6200.32266530,c3
0.00000000,4.00000000,2.00000000,211.36286140,2.20227607,15845.42042440,c3
0.00000000,3.00000000,1.00000000,217.85486140,2.37424167,16356.14743872,c3
0.00000000,2.00000000,0.00000000,148.98886140,1.72013172,6202.22160239,c3
0.00000000,4.00000000,2.00000000,180.58086140,1.96655242,9788.18862880,c3
0.00000000,3.00000000,1.00000000,195.11286140,2.02606225,12050.60948504,c3
0.00000000,3.00000000,1.00000000,191.52286140,2.13396197,10939.17494133,c3
0.00000000,3.00000000,1.00000000,190.34886140,2.19032276,10871.54538053,c3
0.00000000,3.00000000,1.00000000,158.64086140,1.70243721,6889.13315418,c3
0.00000000,3.00000000,1.00000000,181.89686140,1.89655190,9601.78494553,c3
0.00000000,3.00000000,1.00000000,193.97886140,1.97326905,10038.94865633,c3
0.00000000,3.00000000,1.00000000,185.17186140,2.01654910,10421.04733427,c3
0.00000000,3.00000000,1.00000000,155.16686140,1.76792487,7200.17474359,c3
0.00000000,3.00000000,1.00000000,180.82886140,1.86017539,9153.84466241,c3
0.00000000,3.00000000,1.00000000,161.73286140,1.75088834,8265.00357382,c3
0.00000000,3.00000000,1.00000000,175.42786140,1.94855998,9886.84837963,c4
0.00000000,3.00000000,1.00000000,159.62486140,1.87622258,7075.75141436,c4
0.00000000,3.00000000,1.00000000,170.13686140,1.94324951,8860.47527332,c4
0.00000000,3.00000000,1.00000000,154.53686140,1.68042689,7140.10054526,c4
0.00000000,4.00000000,1.00000000,154.99286140,1.77318878,7537.86346495,c4
0.00000000,4.00000000,2.00000000,155.62886140,1.79829973,7490.57478418,c4
0.00000000,4.00000000,2.00000000,160.05486140,1.86834689,9065.88240283,c4
0.00000000,3.00000000,1.00000000,146.35086140,1.69251243,7045.28570481,c4
0.00000000,3.00000000,1.00000000,152.86686140,1.79523171,6631.01559274,c4
0.00000000,2.00000000,0.00000000,162.62686140,1.72291650,7025.18058338,c4
0.00000000,2.00000000,0.00000000,145.81286140,1.62975073,5873.68801386,c4
0.00000000,3.00000000,1.00000000,162.16286140,1.83865879,9115.76782412,c4
0.00000000,3.00000000,1.00000000,174.34686140,1.82784733,9602.32266310,c4
0.00000000,3.00000000,1.00000000,162.49486140,1.72639489,8058.97657998,c4
0.00000000,3.00000000,1.00000000,152.16486140,1.77776833,8090.03082449,c4
0.00000000,3.00000000,1.00000000,149.91486140,1.69025640,6906.86910031,c4
0.00000000,2.00000000,0.00000000,152.12286140,1.77121183,6661.76228821,c4
0.00000000,2.00000000,0.00000000,168.20086140,1.80764720,8384.33337408,c4
0.00000000,3.00000000,1.00000000,164.12286140,1.72543221,8533.38108543,c4
0.00000000,3.00000000,1.00000000,158.91286140,1.74099431,7359.52750606,c4
0.00000000,3.00000000,1.00000000,156.90286140,1.75370369,7847.20144767,c4
0.00000000,3.00000000,1.00000000,151.88286140,1.69892920,6699.96983825,c4
0.00000000,3.00000000,1.00000000,162.34586140,1.74093775,8835.07900580,c4
0.00000000,2.00000000,0.00000000,158.41686140,1.74746143,7458.45900212,c4
0.00000000,3.00000000,1.00000000,155.24886140,1.75039605,6838.15357390,c4
0.00000000,3.00000000,1.00000000,162.72486140,1.82740285,9359.88244691,c4
0.00000000,2.00000000,0.00000000,155.19286140,1.74836876,6225.59989478,c4
0.00000000,3.00000000,1.00000000,141.14886140,1.56780697,6003.00526087,c4
0.00000000,3.00000000,1.00000000,149.74086140,1.71169645,6359.74055470,c4
0.00000000,3.00000000,1.00000000,159.22686140,1.85868151,8155.17575303,c4
0.00000000,2.00000000,0.00000000,154.91886140,1.77673099,6394.65838259,c4
0.00000000,3.00000000,1.00000000,162.47686140,1.83189013,7243.71582159,c4
0.00000000,3.00000000,1.00000000,167.61286140,1.96161757,8222.61415622,c4
0.00000000,3.00000000,1.00000000,167.61286140,1.87047531,9006.57685569,c4
0.00000000,3.00000000,1.00000000,165.60286140,1.90875195,9296.39712504,c4
0.00000000,4.00000000,2.00000000,156.01886140,1.67067678,7963.75628134,c4
0.00000000,2.00000000,0.00000000,133.78886140,1.33020044,3193.35524586,c4
0.00000000,3.00000000,1.00000000,152.18886140,1.75707690,7573.70828693,c4
0.00000000,3.00000000,1.00000000,162.16286140,1.70364395,8031.62324464,c4
0.00000000,2.00000000,0.00000000,153.95886140,1.68799348,6349.39756779,c4
0.00000000,4.00000000,2.00000000,167.85286140,1.76833376,8463.83579573,c4
0.00000000,3.00000000,1.00000000,156.56486140,1.59370801,7486.87665627,c4
0.00000000,3.00000000,1.00000000,159.45886140,1.69654766,7908.00339705,c4
0.00000000,3.00000000,1.00000000,158.70686140,1.67902039,8574.68295226,c4
0.00000000,4.00000000,2.00000000,168.40686140,1.90178998,9563.35209864,c4
0.00000000,2.00000000,0.00000000,155.72086140,1.75291979,6811.65807908,c4
0.00000000,2.00000000,0.00000000,163.29686140,1.88060367,7781.64015149,c4
0.00000000,2.00000000,0.00000000,152.95886140,1.75425217,7027.38511048,c4
0.00000000,4.00000000,2.00000000,168.41486140,1.86488962,9126.64509546,c4
0.00000000,2.00000000,0.00000000,152.60486140,1.82732984,7040.54179101,c4
0.00000000,3.00000000,1.00000000,179.24086140,1.95927310,10298.70077143,c4
0.00000000,2.00000000,0.00000000,136.39286140,1.36803896,3387.76163148,c4
0.00000000,3.00000000,1.00000000,177.90886140,1.96247338,9006.60706368,c4
0.00000000,3.00000000,1.00000000,177.37186140,1.95207773,10193.53626548,c4
0.00000000,3.00000000,1.00000000,153.95086140,1.76855486,7029.15084607,c4
0.00000000,3.00000000,1.00000000,152.77686140,1.69303193,7281.13993918,c4
0.00000000,3.00000000,1.00000000,164.89286140,1.80924005,7835.67050126,c4
0.00000000,3.00000000,1.00000000,152.24686140,1.73749199,7674.50611607,c4
0.00000000,3.00000000,1.00000000,153.60286140,1.76896300,7176.36622421,c4
0.00000000,3.00000000,1.00000000,152.85086140,1.78731651,7950.14029821,c4
0.00000000,3.00000000,1.00000000,163.01486140,1.89319898,8200.81666235,c4
0.00000000,3.00000000,1.00000000,152.80886140,1.70794504,6332.25928752,c4
0.00000000,2.00000000,0.00000000,144.90286140,1.55388539,5890.61383193,c4
0.00000000,4.00000000,1.00000000,157.67286140,1.76647456,6775.26588918,c4
0.00000000,4.00000000,2.00000000,145.60686140,1.69969300,6961.11032834,c4
0.00000000,2.00000000,0.00000000,158.64886140,1.71371990,7364.01490889,c4
0.00000000,2.00000000,0.00000000,149.12886140,1.67207177,6858.85243118,c4
0.00000000,2.00000000,0.00000000,162.39486140,1.75033858,7507.13000038,c4
0.00000000,3.00000000,1.00000000,155.93486140,1.68071084,7086.93940095,c4
0.00000000,3.00000000,1.00000000,149.67586140,1.73242169,5827.96989315,c4
0.00000000,4.00000000,2.00000000,155.37286140,1.69582878,7497.89057100,c4
0.00000000,3.00000000,1.00000000,145.48186140,1.65757688,5967.15809076,c4
0.00000000,3.00000000,1.00000000,163.06486140,1.73738651,8403.62396801,c4
0.00000000,3.00000000,1.00000000,155.79486140,1.69410633,6382.72416538,c4
0.00000000,3.00000000,1.00000000,154.97686140,1.82476097,6841.24582786,c4
0.00000000,2.00000000,0.00000000,164.40486140,1.80116276,7544.11989085,c4
0.00000000,3.00000000,1.00000000,157.02686140,1.66711926,7316.13978168,c4
0.00000000,3.00000000,1.00000000,164.23886140,1.82569430,8714.93168067,c4
0.00000000,2.00000000,0.00000000,161.18686140,1.72477443,6760.36460757,c4
0.00000000,2.00000000,0.00000000,150.66086140,1.76474320,6041.30494492,c4
0.00000000,3.00000000,1.00000000,155.43086140,1.64090416,7442.47043847,c4
0.00000000,3.00000000,1.00000000,152.37086140,1.67820523,6924.09582833,c4
0.00000000,3.00000000,1.00000000,156.60486140,1.79458484,7836.86748431,c4
0.00000000,3.00000000,1.00000000,157.66486140,1.69811823,7705.12099673,c4
0.00000000,3.00000000,1.00000000,168.96086140,1.83319150,9456.09771976,c4
0.00000000,2.00000000,0.00000000,168.77086140,1.78173630,8563.05054549,c4
0.00000000,6.00000000,2.00000000,114.71886140,1.46045826,4695.09525811,c4
0.00000000,3.00000000,1.00000000,159.15286140,1.80745268,9255.02741174,c4
0.00000000,3.00000000,1.00000000,161.20486140,1.79896525,6392.07571344,c4
0.00000000,3.00000000,1.00000000,176.39486140,1.88344649,9628.85020876,c4
0.00000000,2.00000000,0.00000000,148.12886140,1.62776627,6230.01093150,c4
0.00000000,3.00000000,1.00000000,168.45686140,1.79740185,8899.88312117,c4
0.00000000,3.00000000,1.00000000,174.27886140,1.98406363,9116.31395407,c4
0.00000000,2.00000000,0.00000000,159.04486140,1.70800904,6636.69754428,c4
0.00000000,3.00000000,1.00000000,155.95286140,1.64872574,7043.90973115,c4
0.00000000,3.00000000,1.00000000,143.60486140,1.57447299,5483.12744176,c4
0.00000000,3.00000000,1.00000000,153.05686140,1.62612270,6476.26917055,c4
0.00000000,2.00000000,0.00000000,176.41286140,1.89590120,8599.26665274,c4
0.00000000,3.00000000,1.00000000,167.80286140,1.85811283,8587.88046053,c4
0.00000000,2.00000000,0.00000000,209.69086140,2.09925077,14252.11793566,c4
0.00000000,2.00000000,0.00000000,209.79886140,2.05551632,13672.51993000,c5
0.00000000,2.00000000,0.00000000,180.67986140,2.06876172,9746.83640521,c5
0.00000000,2.00000000,0.00000000,186.80886140,1.94511154,12189.99516565,c5
0.00000000,2.00000000,0.00000000,179.44886140,1.85712599,11172.93900744,c5
0.00000000,2.00000000,0.00000000,186.18886140,2.11965206,11926.49860138,c5
0.00000000,2.00000000,0.00000000,187.37886140,2.08778921,10873.17902565,c5
0.00000000,3.00000000,1.00000000,206.01086140,2.14504870,13672.78480308,c5
0.00000000,2.00000000,0.00000000,202.92686140,1.96578800,13519.38881995,c5
0.00000000,3.00000000,1.00000000,221.40986140,2.25524821,16320.75440096,c5
0.00000000,2.00000000,0.00000000,180.09286140,2.03702507,9605.46898370,c5
0.00000000,3.00000000,1.00000000,201.73686140,2.12382195,13774.17085242,c5
0.00000000,2.00000000,0.00000000,184.91486140,1.93596978,11989.41159130,c5
0.00000000,2.00000000,0.00000000,190.35486140,1.99018455,10787.27553586,c5
0.00000000,2.00000000,0.00000000,188.78586140,1.83639684,12341.95965937,c5
0.00000000,2.00000000,0.00000000,178.92686140,2.07448242,9820.56620270,c5
0.00000000,2.00000000,0.00000000,166.49086140,1.63317496,6421.12134914,c5
0.00000000,3.00000000,1.00000000,192.23286140,1.95805559,12567.19435663,c5
0.00000000,3.00000000,1.00000000,218.96286140,2.30517184,16695.46779172,c5
0.00000000,3.00000000,1.00000000,196.19486140,2.06691739,12622.76346060,c5
0.00000000,3.00000000,1.00000000,215.31486140,2.16100379,15196.92998964,c5
0.00000000,2.00000000,0.00000000,176.85886140,1.88033644,9021.52496132,c5
0.00000000,2.00000000,0.00000000,186.27886140,1.76340537,10085.42642577,c5
0.00000000,2.00000000,0.00000000,191.90286140,2.23819842,11197.45948873,c5
0.00000000,2.00000000,0.00000000,189.95086140,2.15372878,11182.27663238,c5
0.00000000,2.00000000,0.00000000,192.55686140,1.92167826,11324.82093234,c5
0.00000000,2.00000000,0.00000000,188.11486140,1.83314224,11088.03713939,c5
0.00000000,3.00000000,1.00000000,192.08486140,2.13357714,11188.26743756,c5
0.00000000,2.00000000,0.00000000,175.87486140,1.99413020,9390.63390828,c5
0.00000000,2.00000000,0.00000000,216.88686140,2.15373142,15639.27044716,c5
0.00000000,2.00000000,0.00000000,191.17486140,2.06809934,11354.15990550,c5
0.00000000,2.00000000,0.00000000,157.47486140,1.85417344,8127.98972280,c5
0.00000000,2.00000000,0.00000000,203.48086140,1.96999349,13239.52595029,c5
0.00000000,3.00000000,1.00000000,193.66486140,1.90434653,13225.58060665,c5
0.00000000,3.00000000,1.00000000,198.51086140,2.00894863,12215.26643467,c5
0.00000000,3.00000000,1.00000000,210.66086140,2.18751350,15847.07312158,c5
0.00000000,3.00000000,1.00000000,179.63686140,1.81794197,10675.40951168,c5
0.00000000,3.00000000,1.00000000,191.14286140,2.03945705,13029.40532406,c5
0.00000000,3.00000000,1.00000000,190.81086140,2.15999308,12616.40893775,c5
0.00000000,2.00000000,0.00000000,189.47086140,2.16230470,10536.85473618,c5
0.00000000,2.00000000,0.00000000,204.03486140,1.98002690,13630.70528952,c5
0.00000000,3.00000000,1.00000000,219.39286140,2.21458342,14739.10779581,c5
0.00000000,2.00000000,0.00000000,191.67086140,2.08422034,10765.33570354,c5
0.00000000,2.00000000,0.00000000,193.60686140,2.09595004,13252.18439739,c5
0.00000000,3.00000000,1.00000000,192.28286140,1.98328371,12149.88239172,c5
0.00000000,3.00000000,1.00000000,185.60886140,1.83519227,11030.04951660,c5
0.00000000,3.00000000,1.00000000,196.40186140,2.01903189,12940.92032898,c5
0.00000000,3.00000000,1.00000000,208.06986140,2.10298181,14814.88333754,c5
0.00000000,3.00000000,1.00000000,210.51886140,2.07639239,15091.80552571,c5
0.00000000,2.00000000,0.00000000,197.06286140,1.87822579,11408.92296336,c5
0.00000000,2.00000000,0.00000000,173.79086140,2.00145753,9241.17846025,c5
0.00000000,3.00000000,1.00000000,200.62886140,2.00852955,13305.85370984,c5
0.00000000,2.00000000,0.00000000,192.68886140,1.89359925,11999.51754010,c5
0.00000000,3.00000000,1.00000000,205.54086140,2.12287209,14013.70409297,c5
0.00000000,3.00000000,1.00000000,173.68286140,1.66395848,8841.96861598,c5
0.00000000,3.00000000,1.00000000,186.03886140,1.80967565,10115.29872417,c5
0.00000000,3.00000000,1.00000000,227.06886140,2.30538785,17080.82421909,c5
0.00000000,3.00000000,1.00000000,217.29086140,2.13149233,17242.28532849,c5
0.00000000,2.00000000,0.00000000,193.26886140,2.01926442,13516.47781569,c5
0.00000000,3.00000000,1.00000000,201.01686140,2.10454999,13094.21052200,c5
0.00000000,2.00000000,0.00000000,159.63386140,1.78143368,6340.38078721,c5
0.00000000,3.00000000,1.00000000,211.80086140,2.09803323,13733.63684657,c5
0.00000000,3.00000000,1.00000000,198.60086140,2.01115404,13512.77788000,c5
0.00000000,3.00000000,1.00000000,204.41686140,2.03368535,14748.10814068,c5
0.00000000,3.00000000,1.00000000,206.95486140,2.06666105,13778.03770377,c5
0.00000000,2.00000000,0.00000000,178.53886140,1.86408795,10124.72744022,c5
0.00000000,3.00000000,1.00000000,203.34886140,2.00936118,13495.20252804,c5
0.00000000,3.00000000,1.00000000,202.53886140,2.11322015,14753.54390410,c5
0.00000000,3.00000000,1.00000000,199.38886140,2.22507950,14037.38861021,c5
0.00000000,3.00000000,1.00000000,195.46686140,1.94585482,12046.50496769,c5
0.00000000,2.00000000,0.00000000,177.33086140,1.83892295,9223.04867640,c5
0.00000000,2.00000000,0.00000000,187.38686140,2.11952729,10299.71187568,c5
0.00000000,3.00000000,1.00000000,187.76886140,1.95911510,11744.77643167,c5
0.00000000,3.00000000,1.00000000,208.38486140,2.05283625,14716.93108522,c5
0.00000000,3.00000000,1.00000000,214.35586140,2.08265170,15228.18159088,c5
0.00000000,2.00000000,0.00000000,201.61286140,2.01838054,13667.14342639,c5
0.00000000,3.00000000,1.00000000,207.64886140,2.20926066,12900.52136111,c5
0.00000000,2.00000000,0.00000000,191.92886140,2.00664092,12731.33107864,c5
0.00000000,3.00000000,1.00000000,197.61086140,2.24785515,13660.70338627,c5
0.00000000,2.00000000,0.00000000,210.80886140,2.19202258,13242.93769690,c5
0.00000000,3.00000000,1.00000000,190.07486140,1.93860368,11141.53735440,c5
0.00000000,3.00000000,1.00000000,213.37086140,2.19932428,14820.64460720,c5
0.00000000,2.00000000,0.00000000,170.66486140,1.86974515,7974.71243016,c5
0.00000000,3.00000000,1.00000000,198.02286140,1.94014029,12364.96594523,c5
0.00000000,3.00000000,1.00000000,197.77486140,2.15862859,12291.34913971,c5
0.00000000,3.00000000,1.00000000,186.24686140,1.96211498,11315.08863606,c5
0.00000000,3.00000000,1.00000000,214.35586140,2.08265170,15228.18159088,c5
0.00000000,2.00000000,0.00000000,181.14286140,1.95669937,10845.71837331,c5
0.00000000,2.00000000,0.00000000,208.36886140,2.16518068,14598.33255063,c5
0.00000000,2.00000000,0.00000000,181.08486140,1.84691324,9637.59388761,c5
0.00000000,3.00000000,1.00000000,207.26086140,2.00658944,14217.78815210,c5
0.00000000,3.00000000,1.00000000,216.59686140,2.14554091,15700.48819764,c5
0.00000000,3.00000000,1.00000000,181.55886140,1.99059782,11738.89288810,c5
0.00000000,3.00000000,1.00000000,179.48086140,1.86626927,10479.96941384,c5
0.00000000,2.00000000,0.00000000,190.66986140,1.83199163,10589.77472553,c5
0.00000000,2.00000000,0.00000000,181.19286140,1.88792251,9893.58091093,c5
0.00000000,3.00000000,1.00000000,196.75686140,1.96852706,11902.35644751,c5
0.00000000,3.00000000,1.00000000,176.23886140,2.03134334,9681.48950152,c5
0.00000000,3.00000000,1.00000000,201.03286140,2.11788583,12879.36796698,c5
0.00000000,3.00000000,1.00000000,206.59886140,2.02416414,14745.69674039,c5
1.00000000,1.00000000,1.00000000,144.99486140,1.58493175,4479.01038962,c5
1.00000000,1.00000000,1.00000000,159.51686140,1.50836574,5529.82243893,c6
1.00000000,1.00000000,1.00000000,133.81286140,1.55537559,3787.03556031,c6
1.00000000,1.00000000,1.00000000,137.37686140,1.47853051,3882.01046533,c6
1.00000000,1.00000000,1.00000000,140.18886140,1.49046660,3541.76662179,c6
1.00000000,1.00000000,1.00000000,142.72086140,1.59896110,4312.91425973,c6
1.00000000,1.00000000,1.00000000,133.34086140,1.39123225,3276.39505791,c6
1.00000000,1.00000000,1.00000000,137.04686140,1.44278607,3381.93949131,c6
1.00000000,1.00000000,1.00000000,171.94686140,1.76645935,6143.41485890,c6
1.00000000,1.00000000,1.00000000,135.04486140,1.33936477,3242.80867370,c6
1.00000000,1.00000000,1.00000000,149.63486140,1.54236423,4258.51180153,c6
1.00000000,1.00000000,1.00000000,135.57486140,1.43733370,4073.64498836,c6
1.00000000,1.00000000,1.00000000,135.11086140,1.38527945,3389.10291275,c6
1.00000000,1.00000000,1.00000000,136.02086140,1.39002657,3244.83123599,c6
1.00000000,1.00000000,1.00000000,142.01686140,1.47872341,4026.33835559,c6
1.00000000,1.00000000,1.00000000,141.66186140,1.54849889,4162.40206726,c6
1.00000000,1.00000000,1.00000000,134.11086140,1.38792057,3158.13162882,c6
1.00000000,1.00000000,1.00000000,143.02686140,1.61388531,4249.88579260,c6
1.00000000,1.00000000,1.00000000,157.68086140,1.58961946,5287.67761181,c6
1.00000000,1.00000000,1.00000000,141.34686140,1.40100191,3372.37219392,c6
1.00000000,1.00000000,1.00000000,162.79086140,1.70551713,5963.33720493,c6
1.00000000,1.00000000,1.00000000,143.33286140,1.55628436,4119.68680294,c6
1.00000000,1.00000000,1.00000000,161.20286140,1.66942096,5656.88277755,c6
1.00000000,1.00000000,1.00000000,154.88486140,1.45157654,4985.37701844,c6
1.00000000,1.00000000,1.00000000,138.26186140,1.46997902,3464.45337998,c6
1.00000000,1.00000000,1.00000000,129.62886140,1.37332605,2862.95569946,c6
1.00000000,1.00000000,1.00000000,139.27086140,1.62295516,3932.18512815,c6
1.00000000,1.00000000,1.00000000,132.46486140,1.34315235,3124.95640771,c6
1.00000000,1.00000000,1.00000000,135.16886140,1.54385606,3889.05858665,c6
1.00000000,1.00000000,1.00000000,133.82086140,1.40007623,3309.14741841,c6
1.00000000,1.00000000,1.00000000,150.42886140,1.51073307,4752.26734605,c6
1.00000000,1.00000000,1.00000000,132.99486140,1.39818192,3345.73263378,c6
1.00000000,1.00000000,1.00000000,164.38886140,1.72583335,5683.97928376,c6
1.00000000,1.00000000,1.00000000,138.89886140,1.39582395,3744.70528068,c6
1.00000000,1.00000000,1.00000000,131.29886140,1.42246366,3277.27553557,c6
1.00000000,1.00000000,1.00000000,146.62486140,1.57806292,4312.65268701,c6
1.00000000,1.00000000,1.00000000,136.29486140,1.45423959,3827.67298269,c6
1.00000000,1.00000000,1.00000000,134.59886140,1.52122142,3870.75302081,c6
1.00000000,1.00000000,1.00000000,132.96086140,1.41968233,3583.98301349,c6
1.00000000,1.00000000,1.00000000,133.20086140,1.46483651,3366.47637640,c6
1.00000000,1.00000000,1.00000000,131.50486140,1.51447201,3631.00454090,c6
1.00000000,1.00000000,1.00000000,137.34486140,1.54729711,4140.00907111,c6
1.00000000,1.00000000,1.00000000,149.53486140,1.51428165,4363.93137513,c6
1.00000000,1.00000000,1.00000000,133.68886140,1.41633887,3347.27831970,c6
1.00000000,1.00000000,1.00000000,141.97486140,1.46831777,3893.03885890,c6
1.00000000,1.00000000,1.00000000,134.92086140,1.55901769,3429.91743911,c6
1.00000000,1.00000000,1.00000000,138.90686140,1.38108633,3649.43149165,c6
1.00000000,1.00000000,1.00000000,138.78286140,1.45600128,3590.40935171,c6
1.00000000,1.00000000,1.00000000,140.32886140,1.51917282,3909.11412491,c6
1.00000000,1.00000000,1.00000000,131.59686140,1.33868202,3078.47781712,c6
1.00000000,1.00000000,1.00000000,130.70286140,1.38372883,3153.25484956,c6
1.00000000,1.00000000,1.00000000,155.00886140,1.65391432,5159.22849324,c6
1.00000000,1.00000000,1.00000000,160.00486140,1.70844316,5346.43330710,c6
1.00000000,1.00000000,1.00000000,134.97086140,1.42891341,3370.49744682,c6
1.00000000,1.00000000,1.00000000,138.50286140,1.44410334,3744.57949444,c6
1.00000000,1.00000000,1.00000000,151.74286140,1.60309246,5137.84818962,c6
1.00000000,1.00000000,1.00000000,140.59486140,1.54850494,3612.77688700,c6
1.00000000,1.00000000,1.00000000,142.37286140,1.53903581,4074.16566155,c6
1.00000000,1.00000000,1.00000000,133.78086140,1.44509656,3121.22425902,c6
1.00000000,1.00000000,1.00000000,127.08086140,1.32501159,2986.68437693,c6
1.00000000,1.00000000,1.00000000,141.95086140,1.52998726,4273.27750355,c6
1.00000000,1.00000000,1.00000000,136.98886140,1.41295889,3650.41682253,c6
1.00000000,1.00000000,1.00000000,131.88686140,1.36766818,3046.96522533,c6
1.00000000,1.00000000,1.00000000,136.74086140,1.36979881,3674.61333614,c6
1.00000000,1.00000000,1.00000000,131.29086140,1.24146523,2419.45788560,c6
1.00000000,1.00000000,1.00000000,126.51086140,1.44142697,3470.60993208,c6
1.00000000,1.00000000,1.00000000,144.71286140,1.46924272,4203.44581191,c6
1.00000000,1.00000000,1.00000000,151.89086140,1.55629567,4766.83842680,c6
1.00000000,1.00000000,1.00000000,145.88086140,1.63179211,4727.12767387,c6
0.00000000,2.00000000,0.00000000,138.73286140,1.39770777,3486.44701557,c6
1.00000000,1.00000000,1.00000000,140.21486140,1.38978175,3632.04157742,c6
1.00000000,1.00000000,1.00000000,131.91086140,1.34013465,2746.51392670,c6
1.00000000,1.00000000,1.00000000,135.83886140,1.38093659,3486.65477566,c6
1.00000000,1.00000000,1.00000000,138.46086140,1.41126221,3502.29950982,c6
1.00000000,1.00000000,1.00000000,154.22286140,1.54201036,4594.75990722,c6
1.00000000,1.00000000,1.00000000,141.98286140,1.50103561,3979.94990023,c6
1.00000000,1.00000000,1.00000000,155.67086140,1.47034744,5679.53696845,c6
1.00000000,1.00000000,1.00000000,142.52086140,1.32191229,3435.96683970,c6
1.00000000,1.00000000,1.00000000,148.16286140,1.62322103,4515.29967723,c6
1.00000000,1.00000000,1.00000000,134.79686140,1.34022251,3433.30540507,c6
1.00000000,1.00000000,1.00000000,144.14286140,1.51014693,4200.74765527,c6
1.00000000,1.00000000,1.00000000,152.40486140,1.62034524,5243.26775360,c6
1.00000000,1.00000000,1.00000000,134.49886140,1.44755578,3773.01158085,c6
1.00000000,1.00000000,1.00000000,141.81086140,1.49086498,3927.74501603,c6
1.00000000,1.00000000,1.00000000,134.63286140,1.50953883,3598.94277931,c6
1.00000000,1.00000000,1.00000000,137.01286140,1.43150424,3631.85940286,c6
1.00000000,1.00000000,1.00000000,146.49086140,1.44135080,3786.02765766,c6
1.00000000,1.00000000,1.00000000,135.18686140,1.35766009,3049.16975900,c6
1.00000000,1.00000000,1.00000000,139.31286140,1.42647903,3833.65919370,c6
1.00000000,1.00000000,1.00000000,132.43286140,1.47328017,3333.16839168,c6
1.00000000,1.00000000,1.00000000,131.89486140,1.52919226,3291.40074670,c6
1.00000000,1.00000000,1.00000000,144.99486140,1.58255732,4458.55737099,c6
1.00000000,1.00000000,1.00000000,167.18286140,1.64294572,5841.68169300,c6
1.00000000,1.00000000,1.00000000,139.21486140,1.61542547,4018.88664567,c6
1.00000000,1.00000000,1.00000000,137.93086140,1.35301858,3194.79834919,c6
1.00000000,1.00000000,1.00000000,135.26086140,1.49546662,3592.35352929,c6
1.00000000,1.00000000,1.00000000,135.16886140,1.43811647,3426.27699694,c6
1.00000000,1.00000000,1.00000000,135.72286140,1.48024982,3505.50150001,c6
1.00000000,1.00000000,1.00000000,129.82686140,1.35271915,2943.22982148,c6
1.00000000,1.00000000,1.00000000,147.85486140,1.42392473,3669.32072214,c6
0.00000000,2.00000000,0.00000000,138.78486140,1.62563547,4338.71658668,c6
0.00000000,2.00000000,0.00000000,182.97886140,1.85176333,8128.64682645,c7
0.00000000,2.00000000,0.00000000,153.70286140,1.75410835,5498.00163611,c7
0.00000000,2.00000000,0.00000000,142.74486140,1.59047386,4396.19384238,c7
0.00000000,2.00000000,0.00000000,152.74286140,1.69396273,5537.45145020,c7
0.00000000,2.00000000,0.00000000,168.28286140,1.78409644,6781.21229521,c7
0.00000000,2.00000000,0.00000000,160.18686140,1.68993087,5803.08375367,c7
0.00000000,2.00000000,0.00000000,164.38686140,1.86538265,6616.86485892,c7
0.00000000,2.00000000,0.00000000,146.73086140,1.67044565,5143.93466753,c7
0.00000000,2.00000000,0.00000000,165.31486140,1.87288504,6989.19393173,c7
0.00000000,2.00000000,0.00000000,151.94886140,1.70369035,5481.27990880,c7
0.00000000,2.00000000,0.00000000,148.45886140,1.70829928,5631.35960126,c7
0.00000000,2.00000000,0.00000000,149.07086140,1.69158409,5162.24148227,c7
0.00000000,2.00000000,0.00000000,150.24486140,1.83238954,5601.36833086,c7
0.00000000,2.00000000,0.00000000,155.67086140,1.67909143,5771.40375449,c7
0.00000000,3.00000000,1.00000000,151.38686140,1.75518298,5791.83975212,c7
0.00000000,3.00000000,1.00000000,169.25886140,1.76962316,7795.44036657,c7
0.00000000,2.00000000,0.00000000,147.63286140,1.62108631,5048.21581803,c7
0.00000000,2.00000000,0.00000000,143.15686140,1.64047994,4602.78002022,c7
0.00000000,3.00000000,1.00000000,161.55086140,1.81135048,7658.60856714,c7
0.00000000,2.00000000,0.00000000,142.09086140,1.63911952,4859.75767075,c7
0.00000000,2.00000000,0.00000000,148.27686140,1.83252366,5463.70324565,c7
0.00000000,2.00000000,0.00000000,164.32086140,1.82802565,7234.66522322,c7
0.00000000,2.00000000,0.00000000,136.21286140,1.56608359,3804.18077618,c7
0.00000000,3.00000000,1.00000000,149.35286140,1.74641367,5238.07418614,c7
0.00000000,2.00000000,0.00000000,154.01686140,1.64805209,5139.93730818,c7
0.00000000,2.00000000,0.00000000,152.18086140,1.87359386,6067.46984586,c7
0.00000000,2.00000000,0.00000000,141.90886140,1.63021891,4761.69675551,c7
0.00000000,2.00000000,0.00000000,145.92886140,1.56488784,4618.57560839,c7
0.00000000,2.00000000,0.00000000,153.84286140,1.81775350,5702.68275949,c7
0.00000000,2.00000000,0.00000000,173.45086140,2.02994122,8111.68689276,c7
0.00000000,2.00000000,0.00000000,155.81086140,1.76521233,5783.67131227,c7
0.00000000,2.00000000,0.00000000,149.73286140,1.62217366,4621.76782471,c7
0.00000000,2.00000000,0.00000000,151.69286140,1.73973269,5907.46622328,c7
0.00000000,2.00000000,0.00000000,145.16686140,1.69455680,5025.35710550,c7
0.00000000,2.00000000,0.00000000,157.78686140,1.77476389,5487.84608059,c7
0.00000000,2.00000000,0.00000000,152.74286140,1.62625047,5287.99594588,c7
0.00000000,2.00000000,0.00000000,154.74486140,1.81728649,6011.44364421,c7
0.00000000,2.00000000,0.00000000,171.49086140,1.96516824,7399.49732324,c7
0.00000000,2.00000000,0.00000000,161.18686140,1.87995206,6490.32295930,c7
0.00000000,2.00000000,0.00000000,158.73886140,1.73777798,6341.38431625,c7
0.00000000,2.00000000,0.00000000,153.87686140,1.63949229,5399.07769898,c7
0.00000000,2.00000000,0.00000000,175.89086140,1.96439131,7440.40255099,c7
0.00000000,2.00000000,0.00000000,167.67086140,1.79029646,6451.14900954,c7
0.00000000,2.00000000,0.00000000,151.70086140,1.72422032,5305.91768560,c7
0.00000000,2.00000000,0.00000000,164.69286140,1.79086278,7149.21699230,c7
0.00000000,2.00000000,0.00000000,144.65486140,1.65220215,5119.47723122,c7
0.00000000,2.00000000,0.00000000,150.96486140,1.71169198,5378.15310402,c7
0.00000000,2.00000000,0.00000000,153.95086140,1.81584668,5858.31368262,c7
0.00000000,2.00000000,0.00000000,165.05686140,1.81516331,7636.31545129,c7
0.00000000,2.00000000,0.00000000,148.75686140,1.70888729,5074.98102426,c7
0.00000000,2.00000000,0.00000000,176.80086140,1.83715458,7854.61924499,c7
0.00000000,2.00000000,0.00000000,154.81886140,1.70257397,5592.53360954,c7
0.00000000,2.00000000,0.00000000,146.79686140,1.68080562,5290.63243246,c7
0.00000000,3.00000000,1.00000000,153.71086140,1.74142101,5741.90454188,c7
0.00000000,3.00000000,1.00000000,150.80086140,1.61363939,5583.44133450,c7
0.00000000,2.00000000,0.00000000,148.98886140,1.72738051,5284.60192760,c7
0.00000000,2.00000000,0.00000000,155.59686140,1.67584498,5590.62405912,c7
0.00000000,2.00000000,0.00000000,164.28886140,1.75923336,7185.35235851,c7
0.00000000,2.00000000,0.00000000,164.55286140,1.75324051,6549.03387200,c7
0.00000000,2.00000000,0.00000000,158.24286140,1.69084114,6450.00121073,c7
0.00000000,3.00000000,1.00000000,163.56086140,1.79056635,6611.49408866,c7
0.00000000,2.00000000,0.00000000,169.58886140,1.80304291,7834.89766318,c7
0.00000000,2.00000000,0.00000000,159.54086140,1.77623117,7222.24527227,c7
0.00000000,2.00000000,0.00000000,163.35486140,1.95605310,6661.61223594,c7
0.00000000,2.00000000,0.00000000,157.15886140,1.67088905,5314.05977640,c7
0.00000000,2.00000000,0.00000000,154.78686140,1.72464672,5859.66736356,c7
0.00000000,2.00000000,0.00000000,176.68486140,1.99367517,8019.09208795,c7
0.00000000,2.00000000,0.00000000,153.40486140,1.72822555,5576.29404347,c7
0.00000000,2.00000000,0.00000000,147.78886140,1.61912361,4827.52590111,c7
0.00000000,3.00000000,1.00000000,169.33286140,1.93248312,7978.35044657,c7
0.00000000,2.00000000,0.00000000,160.10286140,1.70826630,5459.90931905,c7
0.00000000,2.00000000,0.00000000,147.26886140,1.62697994,4890.22305277,c7
0.00000000,2.00000000,0.00000000,165.90086140,1.77649494,7074.89138869,c7
0.00000000,2.00000000,0.00000000,148.88086140,1.71601283,5248.51332994,c7
0.00000000,2.00000000,0.00000000,158.40086140,1.67578310,5618.88305862,c7
0.00000000,2.00000000,0.00000000,150.70086140,1.66617383,5275.07276487,c7
0.00000000,2.00000000,0.00000000,154.99286140,1.72829064,5654.59073461,c7
0.00000000,2.00000000,0.00000000,150.53486140,1.60388471,5077.80881589,c7
0.00000000,2.00000000,0.00000000,166.21486140,1.74985756,7366.93996723,c7
0.00000000,2.00000000,0.00000000,149.35286140,1.58452432,4844.88390185,c7
0.00000000,2.00000000,0.00000000,167.91886140,1.81919688,7143.92903823,c7
0.00000000,2.00000000,0.00000000,163.32886140,1.84444499,6493.59174077,c7
0.00000000,2.00000000,0.00000000,154.57886140,1.73592314,5632.26044499,c7
0.00000000,2.00000000,0.00000000,151.27086140,1.61750536,4878.17346963,c7
0.00000000,2.00000000,0.00000000,159.16886140,1.80471178,6686.46814814,c7
0.00000000,2.00000000,0.00000000,158.48286140,1.72847982,6313.47886248,c7
0.00000000,2.00000000,0.00000000,153.65286140,1.66219229,5307.17066737,c7
0.00000000,3.00000000,1.00000000,177.64486140,2.05961888,8540.49536604,c7
0.00000000,2.00000000,0.00000000,179.25686140,1.96982729,8722.85451167,c7
0.00000000,2.00000000,0.00000000,184.72286140,2.02835398,8516.52647854,c7
0.00000000,2.00000000,0.00000000,155.05086140,1.70902573,5522.52423308,c7
0.00000000,2.00000000,0.00000000,159.01286140,1.71765182,5416.05702518,c7
0.00000000,2.00000000,0.00000000,158.79686140,1.72037109,5638.37972091,c7
0.00000000,2.00000000,0.00000000,150.78286140,1.74965857,5262.35114476,c7
0.00000000,3.00000000,1.00000000,157.26686140,1.82489780,6479.27448906,c7
0.00000000,2.00000000,0.00000000,154.94286140,1.70393763,5473.07107788,c7
0.00000000,2.00000000,0.00000000,156.15086140,1.81502163,5879.71566398,c7
0.00000000,2.00000000,0.00000000,147.91286140,1.65452163,4736.96285255,c7
0.00000000,2.00000000,0.00000000,171.27686140,1.89221276,7905.11169630,c7
2.00000000,0.00000000,2.00000000,134.56486140,1.26323125,1841.43406159,c7
2.00000000,0.00000000,2.00000000,137.93886140,1.25261627,2444.59832716,c8
2.00000000,0.00000000,2.00000000,141.06486140,1.35068492,2055.06725028,c8
2.00000000,0.00000000,2.00000000,126.64286140,1.26864230,2121.95896282,c8
2.00000000,0.00000000,2.00000000,126.06386140,1.27990290,1997.84021217,c8
2.00000000,0.00000000,2.00000000,131.89286140,1.28069329,1846.36340664,c8
1.00000000,1.00000000,1.00000000,134.32486140,1.28540972,2131.00323717,c8
2.00000000,0.00000000,2.00000000,128.97386140,1.33927138,1957.84935221,c8
1.00000000,1.00000000,1.00000000,190.94286140,1.97740916,8075.11609646,c8
2.00000000,0.00000000,2.00000000,143.96786140,1.43140550,2188.28156225,c8
2.00000000,0.00000000,2.00000000,132.21686140,1.36282786,1843.30938368,c8
2.00000000,0.00000000,2.00000000,135.59086140,1.26795778,2172.98423133,c8
2.00000000,0.00000000,2.00000000,127.37886140,1.27682048,1909.90591661,c8
2.00000000,0.00000000,2.00000000,139.13086140,1.33912760,2498.09638003,c8
2.00000000,0.00000000,2.00000000,137.31886140,1.27573303,1898.09920975,c8
2.00000000,0.00000000,2.00000000,134.80486140,1.25647220,1864.70187093,c8
2.00000000,0.00000000,2.00000000,125.53486140,1.27124294,1763.87038367,c8
2.00000000,0.00000000,2.00000000,136.70686140,1.29852731,2043.12618877,c8
2.00000000,0.00000000,2.00000000,132.07586140,1.34355469,1913.77602427,c8
2.00000000,0.00000000,2.00000000,133.87886140,1.26310170,2044.16761580,c8
2.00000000,0.00000000,2.00000000,132.82786140,1.36730147,2099.97335539,c8
1.00000000,1.00000000,1.00000000,190.53886140,1.87703213,8102.43447635,c8
2.00000000,0.00000000,2.00000000,134.86186140,1.25563345,2222.22334356,c8
2.00000000,0.00000000,2.00000000,133.08486140,1.32982522,1885.38738276,c8
2.00000000,0.00000000,2.00000000,134.35086140,1.33495923,1932.02421939,c8
2.00000000,0.00000000,2.00000000,132.88686140,1.29650434,2076.59607864,c8
2.00000000,0.00000000,2.00000000,131.67086140,1.37380805,1992.52707290,c8
2.00000000,0.00000000,2.00000000,132.72086140,1.26642228,1747.68578079,c8
2.00000000,0.00000000,2.00000000,139.04686140,1.39289912,2362.85865913,c8
2.00000000,0.00000000,2.00000000,128.37086140,1.32762388,1816.48439431,c8
2.00000000,0.00000000,2.00000000,136.95486140,1.29357047,2256.30191630,c8
2.00000000,0.00000000,2.00000000,140.56986140,1.40285859,2524.03089128,c8
2.00000000,0.00000000,2.00000000,125.60086140,1.22541882,1749.44054597,c8
2.00000000,0.00000000,2.00000000,130.89286140,1.33412538,1668.25292013,c8
2.00000000,0.00000000,2.00000000,135.09486140,1.35160669,2031.04863098,c8
2.00000000,0.00000000,2.00000000,135.51686140,1.32216381,1963.82280593,c8
2.00000000,0.00000000,2.00000000,135.77286140,1.32229105,2157.83265102,c8
2.00000000,0.00000000,2.00000000,130.72686140,1.23613214,1855.23381105,c8
2.00000000,0.00000000,2.00000000,139.01386140,1.42529655,2520.04995582,c8
2.00000000,0.00000000,2.00000000,126.98086140,1.28094346,1651.01799303,c8
2.00000000,0.00000000,2.00000000,131.33086140,1.35009514,2183.60360813,c8
2.00000000,0.00000000,2.00000000,123.93786140,1.23998234,1710.51752046,c8
2.00000000,0.00000000,2.00000000,128.78486140,1.20167433,1649.75622385,c8
2.00000000,0.00000000,2.00000000,131.87786140,1.36757485,2079.67874973,c8
2.00000000,0.00000000,2.00000000,131.14886140,1.34554645,2211.30686332,c8
2.00000000,0.00000000,2.00000000,130.57886140,1.30807110,1888.41090497,c8
2.00000000,0.00000000,2.00000000,133.12586140,1.34898353,2289.72710237,c8
2.00000000,0.00000000,2.00000000,136.10286140,1.32392787,1866.86553226,c8
2.00000000,0.00000000,2.00000000,126.85886140,1.40042317,2670.50196768,c8
2.00000000,0.00000000,2.00000000,137.63286140,1.44094995,2371.63633655,c8
2.00000000,0.00000000,2.00000000,132.00986140,1.31908348,1899.84195164,c8
1.00000000,1.00000000,1.00000000,180.79686140,1.93044860,8700.29702497,c8
2.00000000,0.00000000,2.00000000,129.98386140,1.34070646,2249.36810388,c8
2.00000000,0.00000000,2.00000000,135.05286140,1.26501366,2251.76189391,c8
2.00000000,0.00000000,2.00000000,136.20286140,1.33124748,2239.21952735,c8
2.00000000,0.00000000,2.00000000,131.47286140,1.23901675,1861.61598817,c8
2.00000000,0.00000000,2.00000000,131.77886140,1.27281798,2035.18390218,c8
2.00000000,0.00000000,2.00000000,125.77486140,1.27945715,1791.27136509,c8
2.00000000,0.00000000,2.00000000,129.03286140,1.33988404,1740.09897719,c8
2.00000000,0.00000000,2.00000000,135.53286140,1.28883802,1940.11192581,c8
2.00000000,0.00000000,2.00000000,128.62686140,1.34388769,1933.91509188,c8
2.00000000,0.00000000,2.00000000,132.03486140,1.29990646,1753.74302832,c8
2.00000000,0.00000000,2.00000000,135.30086140,1.25698521,1848.14703722,c8
2.00000000,0.00000000,2.00000000,132.15086140,1.28472158,2083.88438138,c8
2.00000000,0.00000000,2.00000000,132.90286140,1.34154079,1871.07382526,c8
2.00000000,0.00000000,2.00000000,132.43886140,1.35431029,1942.15511033,c8
2.00000000,0.00000000,2.00000000,133.31686140,1.38063283,2400.04986685,c8
2.00000000,0.00000000,2.00000000,136.27686140,1.39815813,2337.21906669,c8
2.00000000,0.00000000,2.00000000,138.27886140,1.36387388,2915.48517206,c8
2.00000000,0.00000000,2.00000000,138.63486140,1.36322519,2542.03959263,c8
2.00000000,0.00000000,2.00000000,132.99486140,1.30856114,2065.99875123,c8
2.00000000,0.00000000,2.00000000,133.06086140,1.34227661,2114.70275474,c8
2.00000000,0.00000000,2.00000000,126.49386140,1.27684741,1847.04250082,c8
2.00000000,0.00000000,2.00000000,132.27386140,1.29129617,2050.73282852,c8
2.00000000,0.00000000,2.00000000,132.02686140,1.25764356,2090.13903434,c8
2.00000000,0.00000000,2.00000000,127.80886140,1.33442633,1988.10482227,c8
2.00000000,0.00000000,2.00000000,138.44386140,1.41758100,2797.93667312,c8
2.00000000,0.00000000,2.00000000,125.83186140,1.25420761,1852.24155057,c8
2.00000000,0.00000000,2.00000000,128.66886140,1.19214384,1902.61948269,c8
2.00000000,0.00000000,2.00000000,125.04686140,1.35373288,2248.21184131,c8
2.00000000,0.00000000,2.00000000,131.25686140,1.25605077,1709.86694476,c8
2.00000000,0.00000000,2.00000000,129.29686140,1.32918540,1907.43411027,c8
2.00000000,0.00000000,2.00000000,135.40886140,1.39201741,2407.18951011,c8
2.00000000,0.00000000,2.00000000,129.52886140,1.27913545,1872.96328863,c8
2.00000000,0.00000000,2.00000000,136.12886140,1.32496875,2154.67299853,c8
2.00000000,0.00000000,2.00000000,136.02086140,1.30919400,1782.99822133,c8
2.00000000,0.00000000,2.00000000,132.39086140,1.28781974,1863.82786690,c8
2.00000000,0.00000000,2.00000000,128.25486140,1.32821063,1889.02706278,c8
2.00000000,0.00000000,2.00000000,131.19886140,1.33987062,2094.81737311,c8
2.00000000,0.00000000,2.00000000,133.91186140,1.37845993,1917.92142411,c8
2.00000000,0.00000000,2.00000000,129.40486140,1.33029565,2059.80653360,c8
2.00000000,0.00000000,2.00000000,133.13486140,1.31394090,1880.99604567,c8
2.00000000,0.00000000,2.00000000,125.85686140,1.23234674,1721.65950304,c8
2.00000000,0.00000000,2.00000000,128.52886140,1.26079063,2036.14896442,c8
2.00000000,0.00000000,2.00000000,136.01986140,1.34077358,2164.17779993,c8
2.00000000,0.00000000,2.00000000,133.26686140,1.29326905,1878.88537812,c8
2.00000000,0.00000000,2.00000000,133.25886140,1.25235880,1958.51186319,c8
2.00000000,0.00000000,2.00000000,138.09586140,1.45687641,2212.69258207,c8
2.00000000,0.00000000,2.00000000,139.35286140,1.32970482,2039.97994938,c8
2.00000000,0.00000000,2.00000000,131.75286140,1.28544052,1788.36662582,c8
1.00000000,1.00000000,1.00000000,134.63286140,1.50953883,3598.94277931,c8
1.00000000,1.00000000,1.00000000,161.78286140,1.62993224,5845.27094085,c9
1.00000000,1.00000000,1.00000000,166.54686140,1.84848215,6782.34952123,c9
1.00000000,1.00000000,1.00000000,135.26086140,1.49546662,3592.35352929,c9
1.00000000,1.00000000,1.00000000,133.86286140,1.42018678,3675.34746902,c9
1.00000000,1.00000000,1.00000000,138.81686140,1.51061103,3958.13195425,c9
1.00000000,1.00000000,1.00000000,145.48286140,1.59626934,4437.11299763,c9
1.00000000,1.00000000,1.00000000,143.33286140,1.55628436,4119.68680294,c9
1.00000000,1.00000000,1.00000000,149.53486140,1.51428165,4363.93137513,c9
1.00000000,1.00000000,1.00000000,143.29886140,1.43278582,4600.99164877,c9
1.00000000,1.00000000,1.00000000,134.92086140,1.55901769,3429.91743911,c9
1.00000000,1.00000000,1.00000000,131.77886140,1.42138840,3017.26903742,c9
1.00000000,1.00000000,1.00000000,133.68886140,1.41633887,3347.27831970,c9
1.00000000,1.00000000,1.00000000,147.85486140,1.42392473,3669.32072214,c9
1.00000000,1.00000000,1.00000000,142.58886140,1.61934016,4173.60813214,c9
1.00000000,1.00000000,1.00000000,151.74286140,1.60309246,5137.84818962,c9
1.00000000,1.00000000,1.00000000,171.51686140,1.62457617,6554.34494560,c9
1.00000000,1.00000000,1.00000000,134.43286140,1.36222755,3336.49621124,c9
1.00000000,1.00000000,1.00000000,153.56286140,1.64556350,4823.13261738,c9
1.00000000,1.00000000,1.00000000,162.28686140,1.57395839,5573.32435337,c9
1.00000000,1.00000000,1.00000000,145.88086140,1.63179211,4727.12767387,c9
1.00000000,1.00000000,1.00000000,129.53686140,1.28157246,3024.62992784,c9
1.00000000,1.00000000,1.00000000,141.48686140,1.40586513,3506.94392807,c9
1.00000000,2.00000000,2.00000000,159.59886140,1.60895529,5502.82720887,c9
1.00000000,1.00000000,1.00000000,144.80486140,1.53627337,4127.36785739,c9
1.00000000,1.00000000,1.00000000,133.12686140,1.33697184,2968.13187325,c9
1.00000000,1.00000000,1.00000000,161.20286140,1.66942096,5656.88277755,c9
1.00000000,1.00000000,1.00000000,140.21486140,1.38978175,3632.04157742,c9
0.00000000,3.00000000,1.00000000,180.34086140,1.97426373,10788.40839740,c9
1.00000000,1.00000000,1.00000000,138.84086140,1.47613486,3995.81206803,c9
1.00000000,1.00000000,1.00000000,134.79686140,1.34022251,3433.30540507,c9
1.00000000,1.00000000,1.00000000,144.99486140,1.58255732,4458.55737099,c9
1.00000000,1.00000000,1.00000000,153.08286140,1.54921299,5036.12071079,c9
1.00000000,1.00000000,1.00000000,128.18086140,1.30308544,2349.58260413,c9
1.00000000,1.00000000,1.00000000,137.60886140,1.43282595,3886.52541399,c9
1.00000000,1.00000000,1.00000000,177.47086140,1.76232239,6732.36147467,c9
1.00000000,1.00000000,1.00000000,157.77086140,1.50116153,5613.31509850,c9
1.00000000,1.00000000,1.00000000,145.66286140,1.51462457,3993.68569875,c9
1.00000000,1.00000000,1.00000000,156.95286140,1.68554271,5663.02416935,c9
1.00000000,1.00000000,1.00000000,136.79086140,1.38433641,3384.28945986,c9
1.00000000,1.00000000,1.00000000,150.42886140,1.51073307,4752.26734605,c9
1.00000000,1.00000000,1.00000000,130.21486140,1.31778667,2707.99532740,c9
1.00000000,1.00000000,1.00000000,123.23686140,1.40070069,2867.35651487,c9
1.00000000,1.00000000,1.00000000,154.88486140,1.45157654,4985.37701844,c9
1.00000000,1.00000000,1.00000000,131.59686140,1.33868202,3078.47781712,c9
1.00000000,1.00000000,1.00000000,141.34686140,1.40100191,3372.37219392,c9
1.00000000,1.00000000,1.00000000,133.92086140,1.56462053,3808.02131663,c9
1.00000000,1.00000000,1.00000000,136.98886140,1.41295889,3650.41682253,c9
1.00000000,1.00000000,1.00000000,155.00886140,1.65391432,5159.22849324,c9
1.00000000,1.00000000,1.00000000,132.52286140,1.48941457,3423.61798064,c9
1.00000000,1.00000000,1.00000000,148.12886140,1.68498948,4755.58507784,c9
1.00000000,1.00000000,1.00000000,130.57886140,1.44148907,3346.08393158,c9
1.00000000,1.00000000,1.00000000,138.57686140,1.44290507,3575.01636406,c9
1.00000000,1.00000000,1.00000000,137.93086140,1.35301858,3194.79834919,c9
1.00000000,1.00000000,1.00000000,135.32686140,1.37573161,2986.02659506,c9
1.00000000,1.00000000,1.00000000,131.91086140,1.34013465,2746.51392670,c9
1.00000000,1.00000000,1.00000000,130.70286140,1.44285794,3076.35813106,c9
1.00000000,1.00000000,1.00000000,142.37286140,1.53903581,4074.16566155,c9
1.00000000,1.00000000,1.00000000,140.61086140,1.54750212,4022.35417426,c9
1.00000000,1.00000000,1.00000000,151.16286140,1.54274267,4900.63251141,c9
1.00000000,1.00000000,1.00000000,140.40386140,1.63060254,3943.38056624,c9
1.00000000,1.00000000,1.00000000,143.02686140,1.61388531,4249.88579260,c9
1.00000000,1.00000000,1.00000000,141.97486140,1.46831777,3893.03885890,c9
1.00000000,1.00000000,1.00000000,141.25686140,1.56657965,4140.39526435,c9
1.00000000,1.00000000,1.00000000,159.35886140,1.61584912,5586.48226340,c9
1.00000000,1.00000000,1.00000000,135.16886140,1.53881899,3747.21926173,c9
1.00000000,1.00000000,1.00000000,133.38286140,1.53482146,3755.54953190,c9
1.00000000,1.00000000,1.00000000,138.65086140,1.42063672,3690.07942579,c9
1.00000000,1.00000000,1.00000000,161.50086140,1.57379406,5848.75586630,c9
1.00000000,1.00000000,1.00000000,142.09886140,1.50649966,3962.68766034,c9
1.00000000,1.00000000,1.00000000,135.95486140,1.41656929,3366.19369442,c9
1.00000000,1.00000000,1.00000000,144.71286140,1.46924272,4203.44581191,c9
1.00000000,1.00000000,1.00000000,137.22086140,1.50904525,3737.86499584,c9
1.00000000,1.00000000,1.00000000,138.55886140,1.48264430,3905.88349701,c9
1.00000000,1.00000000,1.00000000,136.87286140,1.41841498,3703.13034691,c9
1.00000000,1.00000000,1.00000000,128.59486140,1.28335053,2595.60022779,c9
0.00000000,2.00000000,0.00000000,183.90686140,1.97643888,9575.16658020,c9
0.00000000,2.00000000,0.00000000,138.73286140,1.39770777,3486.44701557,c9
1.00000000,1.00000000,1.00000000,135.18686140,1.35766009,3049.16975900,c9
1.00000000,1.00000000,1.00000000,137.50286140,1.40333102,3465.85589552,c9
1.00000000,1.00000000,1.00000000,127.37086140,1.46442424,3225.83347319,c9
1.00000000,1.00000000,1.00000000,146.49086140,1.44135080,3786.02765766,c9
1.00000000,1.00000000,1.00000000,134.78086140,1.42489643,3456.04683324,c9
1.00000000,1.00000000,1.00000000,129.30686140,1.37770942,2787.45303795,c9
1.00000000,1.00000000,1.00000000,133.87886140,1.34623139,3355.43267496,c9
1.00000000,1.00000000,1.00000000,133.20086140,1.46483651,3366.47637640,c9
1.00000000,1.00000000,1.00000000,138.78286140,1.45600128,3590.40935171,c9
1.00000000,1.00000000,1.00000000,132.15886140,1.51445037,3409.96178763,c9
1.00000000,1.00000000,1.00000000,147.70686140,1.55069769,4393.09084635,c9
1.00000000,1.00000000,1.00000000,135.04486140,1.33936477,3242.80867370,c9
1.00000000,1.00000000,1.00000000,140.51286140,1.51670387,3837.23209637,c9
1.00000000,1.00000000,1.00000000,154.22286140,1.54201036,4594.75990722,c9
1.00000000,1.00000000,1.00000000,138.17886140,1.42905917,3696.04171885,c9
1.00000000,1.00000000,1.00000000,139.61886140,1.38558598,3607.86202134,c9
1.00000000,1.00000000,1.00000000,135.64886140,1.46206249,3736.66291173,c9
1.00000000,1.00000000,1.00000000,138.70086140,1.47779849,3694.51374331,c9
1.00000000,1.00000000,1.00000000,153.25686140,1.66774773,5103.71986701,c9
1.00000000,1.00000000,1.00000000,139.88286140,1.47572881,3902.31998508,c9
1.00000000,1.00000000,1.00000000,152.40486140,1.62034524,5243.26775360,c9
1.00000000,1.00000000,1.00000000,142.92686140,1.42638097,4118.32732012,c9
